name,phone,dobTimestamp
Jama Mohamed,0790749401,1618390321123
John 1 Doe,0790749401,1618390321123
John 2 Doe,0790749401,1618390321123
John 3 Doe,0790749401,1618390321123
John 4 Doe,0790749401,1618390321123
John 4 Doe,0790749401,1618390321123
John 4 Doe,0790749401,1618390321123
John 4 Doe,0790749401,1618390321123
John 4 Doe,0790749401,1618390321123
John 4 Doe,0790749401,1618390321123
John 4 Doe,0790749401,1618390321123
John 4 Doe,0790749401,1618390321123
John 4 Doe,0790749401,1618390321123
John 4 Doe,0790749401,1618390321123
John 4 Doe,0790749401,1618390321123
John 4 Doe,0790749401,1618390321123
John 4 Doe,0790749401,1618390321123
John 4 Doe,0790749401,1618390321123
John 4 Doe,0790749401,1618390321123
John 4 Doe,0790749401,1618390321123
John 4 Doe,0790749401,1618390321123
John 4 Doe,0790749401,1618390321123
John 4 Doe,0790749401,1618390321123
John 4 Doe,0790749401,1618390321123
John 4 Doe,0790749401,1618390321123
John 4 Doe,0790749401,1618390321123
John 4 Doe,0790749401,1618390321123
John 4 Doe,0790749401,1618390321123
John 4 Doe,0790749401,1618390321123
John 4 Doe,0790749401,1618390321123
John 4 Doe,0790749401,1618390321123
John 4 Doe,0790749401,1618390321123
John 4 Doe,0790749401,1618390321123
John 4 Doe,0790749401,1618390321123
John 4 Doe,0790749401,1618390321123
John 4 Doe,0790749401,1618390321123
John 4 Doe,0790749401,1618390321123
John 4 Doe,0790749401,1618390321123
John 4 Doe,0790749401,1618390321123
John 4 Doe,0790749401,1618390321123
John 4 Doe,0790749401,1618390321123
John 4 Doe,0790749401,1618390321123
John 4 Doe,0790749401,1618390321123